Model,RMSE
Linear Regression,0.012531596607341555
Random Forest,0.1212005179734099
SVR,0.1745486181334997
ARIMA,0.1042680952269377
LSTM,0.025168247916920284
